idna_subject,checker_type,destination,tested_at
invalid.invalid,AVAILABILITY,test.list,2026-10-03 09:48:50.496481+00:00
_http._tcp.example.com,AVAILABILITY,test.list,2026-10-03 09:48:50.769738+00:00
_ldap._tcp.example.com,AVAILABILITY,test.list,2026-10-03 09:48:50.860305+00:00
_http._tcp.example.net,AVAILABILITY,test.list,2026-10-03 09:48:51.066340+00:00
failed/syntax-test,AVAILABILITY,test.list,2026-10-03 09:48:51.204531+00:00
_ldap._tcp.example.net,AVAILABILITY,test.list,2026-10-03 09:48:51.248507+00:00
_ldap._tcp.example.org,AVAILABILITY,test.list,2026-10-03 09:48:51.474840+00:00
_http._tcp.example.org,AVAILABILITY,test.list,2026-10-03 09:48:51.526332+00:00
809002.com,AVAILABILITY,test.list,2026-10-03 09:48:51.707069+00:00
6000788.com,AVAILABILITY,test.list,2026-10-03 09:48:51.714801+00:00
6008999.com,AVAILABILITY,test.list,2026-10-03 09:48:51.923490+00:00
6003388.com,AVAILABILITY,test.list,2026-10-03 09:48:52.016194+00:00
6009988.com,AVAILABILITY,test.list,2026-10-03 09:48:52.198721+00:00
xn--disordapp-s3a.com,AVAILABILITY,test.list,2026-10-03 09:48:52.214199+00:00
8000818.com,AVAILABILITY,test.list,2026-10-03 09:48:52.472534+00:00
8030888.com,AVAILABILITY,test.list,2026-10-03 09:48:52.498544+00:00
8070888.com,AVAILABILITY,test.list,2026-10-03 09:48:52.762639+00:00
8050888.com,AVAILABILITY,test.list,2026-10-03 09:48:52.762778+00:00
1bcde.com,AVAILABILITY,test.list,2026-10-03 09:48:53.055537+00:00
6007788.com,AVAILABILITY,test.list,2026-10-03 09:48:53.060231+00:00
1220057982.world,AVAILABILITY,test.list,2026-10-03 09:48:53.248544+00:00
4dle.info,AVAILABILITY,test.list,2026-10-03 09:48:53.498552+00:00
1120067982.world,AVAILABILITY,test.list,2026-10-03 09:48:53.585187+00:00
ln-explorer.actinium.org,AVAILABILITY,test.list,2026-10-03 09:48:54.363564+00:00
faucet.actinium.org,AVAILABILITY,test.list,2026-10-03 09:48:54.556534+00:00
test-explorer.actinium.org,AVAILABILITY,test.list,2026-10-03 09:48:55.350792+00:00
www.funilrys.com,AVAILABILITY,test.list,2026-10-03 09:48:55.856017+00:00
fastpool.actinium.org,AVAILABILITY,test.list,2026-10-03 09:48:56.011013+00:00
transfer.actinium.org,AVAILABILITY,test.list,2026-10-03 09:48:56.810844+00:00
360safe.xn--com-5ma.cn,AVAILABILITY,test.list,2026-10-03 09:48:56.869739+00:00
discord.actinium.org,AVAILABILITY,test.list,2026-10-03 09:48:57.808768+00:00
www.discord.actinium.org,AVAILABILITY,test.list,2026-10-03 09:48:57.828149+00:00
www.kennethreitz.org,AVAILABILITY,test.list,2026-10-03 09:48:59.552783+00:00
